<?xml version="1.0" encoding="UTF-8"?><rss version="2.0"
	xmlns:content="http://purl.org/rss/1.0/modules/content/"
	xmlns:wfw="http://wellformedweb.org/CommentAPI/"
	xmlns:dc="http://purl.org/dc/elements/1.1/"
	xmlns:atom="http://www.w3.org/2005/Atom"
	xmlns:sy="http://purl.org/rss/1.0/modules/syndication/"
	xmlns:slash="http://purl.org/rss/1.0/modules/slash/"
	
	xmlns:georss="http://www.georss.org/georss"
	xmlns:geo="http://www.w3.org/2003/01/geo/wgs84_pos#"
	>

<channel>
	<title>Senza categoria &#8211; Esercizio woocommerce</title>
	<atom:link href="http://localhost/woocommerce1/categoria-prodotto/senza-categoria/feed/?simply_static_page=392" rel="self" type="application/rss+xml" />
	<link>./../../../index.html</link>
	<description></description>
	<lastBuildDate>Mon, 20 Mar 2023 16:02:34 +0000</lastBuildDate>
	<language>it-IT</language>
	<sy:updatePeriod>
	hourly	</sy:updatePeriod>
	<sy:updateFrequency>
	1	</sy:updateFrequency>
	<generator>https://wordpress.org/?v=6.1.1</generator>
	<item>
		<title>Divano angolare</title>
		<link>./../../../prodotto/divano-angolare/index.html</link>
					<comments>./../../../prodotto/divano-angolare/index.html#respond</comments>
		
		<dc:creator><![CDATA[Roberta]]></dc:creator>
		<pubDate>Mon, 20 Mar 2023 11:32:34 +0000</pubDate>
				<guid isPermaLink="false">./../../../index.html?post_type=product#038;p=41</guid>

					<description><![CDATA[Dai un tocco di eleganza e di funzionalità ai tuoi interni con il divano ad angolo trasformabile 3/4 posti grigio MONTREAL. Potrai inserirlo in tutti i tipi d&#8217;interni grazie al suo design essenziale. Il suo colore caldo potrà essere abbinato a cuscini, plaid e coperte dalle tonalità neutre per creare un&#8217;atmosfera accogliente in soggiorno. L&#8217;angolo interscambiabile [&#8230;]]]></description>
										<content:encoded><![CDATA[<p>Dai un tocco di eleganza e di funzionalità ai tuoi interni con il <strong>divano ad angolo trasformabile 3/4 posti grigio MONTREAL</strong>.</p>
<ul>
<li>Potrai inserirlo in tutti i tipi d&#8217;interni grazie al suo design essenziale.</li>
<li>Il suo colore caldo potrà essere abbinato a cuscini, plaid e coperte dalle tonalità neutre per creare un&#8217;atmosfera accogliente in soggiorno.</li>
<li>L&#8217;angolo interscambiabile ti consentirà di usarlo come angolo destro o sinistro in base alle tue esigenze.</li>
<li>Potrai trasformare rapidamente questo <strong>divano letto</strong> in letto supplementare grazie al pratico contenitore scorrevole che contiene un complemento per formare un materasso. Anche la chaise longue è dotata di un contenitore sotto la seduta, in cui potrai sistemare la biancheria da letto.</li>
</ul>
]]></content:encoded>
					
					<wfw:commentRss>./../../../prodotto/divano-angolare/feed/index.html</wfw:commentRss>
			<slash:comments>0</slash:comments>
		
		
			</item>
	</channel>
</rss>
